Year,Cities,Fish Consumption
2021,SIMEULUE,0.817
2021,ACEH SINGKIL,1.003
2021,ACEH SELATAN,1.106
2021,ACEH TENGGARA,1.391
2021,ACEH TIMUR,0.999
2021,ACEH TENGAH,0.825
2021,ACEH BARAT,1.226
2021,ACEH BESAR,0.955
2021,PIDIE,0.920
2021,BIREUEN,1.074
2021,ACEH UTARA,0.977
2021,ACEH BARAT DAYA,1.007
2021,GAYO LUES,1.600
2021,ACEH TAMIANG,0.761
2021,NAGAN RAYA,1.087
2021,ACEH JAYA,1.131
2021,BENER MERIAH,0.872
2021,PIDIE JAYA,1.149
2021,BANDA ACEH,0.693
2021,SABANG,0.832
2021,LANGSA,0.874
2021,LHOKSEUMAWE,0.895
2021,SUBULUSSALAM,0.963
2021,NIAS,1.300
2021,MANDAILING NATAL,0.850
2021,TAPANULI SELATAN,1.098
2021,TAPANULI TENGAH,1.219
2021,TAPANULI UTARA,2.220
2021,TOBA SAMOSIR,1.842
2021,LABUHAN BATU,0.991
2021,ASAHAN,1.184
2021,SIMALUNGUN,1.370
2021,DAIRI,2.031
2021,KARO,1.403
2021,DELI SERDANG,0.913
2021,LANGKAT,0.878
2021,NIAS SELATAN,1.095
2021,HUMBANG HASUNDUTAN,2.480
2021,PAKPAK BHARAT,2.184
2021,SAMOSIR,2.427
2021,SERDANG BEDAGAI,1.023
2021,BATU BARA,1.020
2021,PADANG LAWAS UTARA,1.380
2021,PADANG LAWAS,1.096
2021,LABUHAN BATU SELATAN,1.212
2021,LABUHAN BATU UTARA,1.428
2021,NIAS UTARA,1.251
2021,NIAS BARAT,1.192
2021,SIBOLGA,0.870
2021,TANJUNG BALAI,1.104
2021,PEMATANG SIANTAR,1.153
2021,TEBING TINGGI,1.043
2021,MEDAN,0.891
2021,BINJAI,0.757
2021,PADANGSIDIMPUAN,0.936
2021,GUNUNGSITOLI,1.089
2021,KEPULAUAN MENTAWAI,1.085
2021,PESISIR SELATAN,0.641
2021,SOLOK,0.671
2021,SIJUNJUNG,0.684
2021,TANAH DATAR,0.776
2021,PADANG PARIAMAN,0.601
2021,AGAM,0.758
2021,LIMA PULUH KOTA,0.903
2021,PASAMAN,0.823
2021,SOLOK SELATAN,0.768
2021,DHARMASRAYA,0.724
2021,PASAMAN BARAT,0.802
2021,PADANG,0.544
2021,SOLOK,0.685
2021,SAWAH LUNTO,0.698
2021,PADANG PANJANG,0.668
2021,BUKITTINGGI,0.667
2021,PAYAKUMBUH,0.695
2021,PARIAMAN,0.596
2021,KUANTAN SINGINGI,0.929
2021,INDRAGIRI HULU,0.788
2021,INDRAGIRI HILIR,1.116
2021,PELALAWAN,1.055
2021,SIAK,0.945
2021,KAMPAR,0.805
2021,ROKAN HULU,0.961
2021,BENGKALIS,1.092
2021,ROKAN HILIR,1.170
2021,KEPULAUAN MERANTI,1.043
2021,PEKANBARU,0.817
2021,DUMAI,0.909
2021,KERINCI,0.854
2021,MERANGIN,0.717
2021,SAROLANGUN,0.712
2021,BATANG HARI,0.691
2021,MUARO JAMBI,0.897
2021,TANJUNG JABUNG TIMUR,1.026
2021,TANJUNG JABUNG BARAT,0.809
2021,TEBO,0.851
2021,BUNGO,0.863
2021,JAMBI,0.823
2021,SUNGAI PENUH,0.757
2021,OGAN KOMERING ULU,0.810
2021,OGAN KOMERING ILIR,1.033
2021,MUARA ENIM,0.747
2021,LAHAT,0.827
2021,MUSI RAWAS,0.632
2021,MUSI BANYUASIN,0.952
2021,BANYU ASIN,1.017
2021,OGAN KOMERING ULU SELATAN,0.693
2021,OGAN KOMERING ULU TIMUR,0.868
2021,OGAN ILIR,0.859
2021,EMPAT LAWANG,0.605
2021,PENUKAL ABAB LEMATANG ILIR,0.689
2021,MUSI RAWAS UTARA,0.762
2021,PALEMBANG,0.824
2021,PRABUMULIH,0.678
2021,PAGAR ALAM,0.650
2021,LUBUKLINGGAU,0.680
2021,BENGKULU SELATAN,0.662
2021,REJANG LEBONG,0.634
2021,BENGKULU UTARA,0.741
2021,KAUR,0.636
2021,SELUMA,0.597
2021,MUKOMUKO,0.775
2021,LEBONG,0.864
2021,KEPAHIANG,0.698
2021,BENGKULU TENGAH,0.617
2021,BENGKULU,0.710
2021,LAMPUNG BARAT,0.736
2021,TANGGAMUS,0.537
2021,LAMPUNG SELATAN,0.730
2021,LAMPUNG TIMUR,0.726
2021,LAMPUNG TENGAH,0.753
2021,LAMPUNG UTARA,0.641
2021,WAY KANAN,0.770
2021,TULANGBAWANG,0.680
2021,PESAWARAN,0.723
2021,PRINGSEWU,0.509
2021,MESUJI,0.717
2021,TULANG BAWANG BARAT,0.581
2021,PESISIR BARAT,0.614
2021,BANDAR LAMPUNG,0.611
2021,METRO,0.605
2021,BANGKA,0.777
2021,BELITUNG,0.963
2021,BANGKA BARAT,0.877
2021,BANGKA TENGAH,0.831
2021,BANGKA SELATAN,0.856
2021,BELITUNG TIMUR,1.028
2021,PANGKAL PINANG,0.738
2021,KARIMUN,1.045
2021,BINTAN,0.930
2021,NATUNA,1.123
2021,LINGGA,1.295
2021,KEPULAUAN ANAMBAS,0.980
2021,BATAM,0.876
2021,TANJUNG PINANG,0.932
2021,KEPULAUAN SERIBU,0.929
2021,JAKARTA SELATAN,0.632
2021,JAKARTA TIMUR,0.784
2021,JAKARTA PUSAT,0.491
2021,JAKARTA BARAT,0.717
2021,JAKARTA UTARA,0.848
2021,BOGOR,0.836
2021,SUKABUMI,1.130
2021,CIANJUR,1.006
2021,BANDUNG,0.737
2021,GARUT,0.638
2021,TASIKMALAYA,0.660
2021,CIAMIS,0.621
2021,KUNINGAN,0.618
2021,CIREBON,0.440
2021,MAJALENGKA,0.528
2021,SUMEDANG,0.808
2021,INDRAMAYU,0.723
2021,SUBANG,0.744
2021,PURWAKARTA,0.980
2021,KARAWANG,0.646
2021,BEKASI,0.743
2021,BANDUNG BARAT,0.838
2021,PANGANDARAN,0.603
2021,BOGOR,0.817
2021,SUKABUMI,0.894
2021,BANDUNG,0.532
2021,CIREBON,0.476
2021,BEKASI,0.708
2021,DEPOK,0.748
2021,CIMAHI,0.516
2021,TASIKMALAYA,0.531
2021,BANJAR,0.574
2021,CILACAP,0.352
2021,BANYUMAS,0.551
2021,PURBALINGGA,0.404
2021,BANJARNEGARA,0.978
2021,KEBUMEN,0.327
2021,PURWOREJO,0.401
2021,WONOSOBO,0.838
2021,MAGELANG,0.411
2021,BOYOLALI,0.500
2021,KLATEN,0.427
2021,SUKOHARJO,0.488
2021,WONOGIRI,0.443
2021,KARANGANYAR,0.517
2021,SRAGEN,0.793
2021,GROBOGAN,0.446
2021,BLORA,0.755
2021,REMBANG,0.932
2021,PATI,0.947
2021,KUDUS,0.534
2021,JEPARA,0.667
2021,DEMAK,0.670
2021,SEMARANG,0.474
2021,TEMANGGUNG,0.638
2021,KENDAL,0.677
2021,BATANG,1.045
2021,PEKALONGAN,0.792
2021,PEMALANG,0.614
2021,TEGAL,0.440
2021,BREBES,0.412
2021,MAGELANG,0.342
2021,SURAKARTA,0.341
2021,SALATIGA,0.584
2021,SEMARANG,0.585
2021,PEKALONGAN,0.373
2021,TEGAL,0.523
2021,KULON PROGO,0.290
2021,BANTUL,0.362
2021,GUNUNG KIDUL,0.449
2021,SLEMAN,0.607
2021,YOGYAKARTA,0.427
2021,PACITAN,0.349
2021,PONOROGO,0.270
2021,TRENGGALEK,0.658
2021,TULUNGAGUNG,0.763
2021,BLITAR,0.580
2021,KEDIRI,0.393
2021,MALANG,0.637
2021,LUMAJANG,1.013
2021,JEMBER,0.854
2021,BANYUWANGI,0.572
2021,BONDOWOSO,1.154
2021,SITUBONDO,0.576
2021,PROBOLINGGO,0.526
2021,PASURUAN,0.837
2021,SIDOARJO,0.591
2021,MOJOKERTO,0.632
2021,JOMBANG,0.667
2021,NGANJUK,0.434
2021,MADIUN,0.466
2021,MAGETAN,0.373
2021,NGAWI,0.635
2021,BOJONEGORO,0.635
2021,TUBAN,1.472
2021,LAMONGAN,0.800
2021,GRESIK,0.846
2021,BANGKALAN,1.179
2021,SAMPANG,1.413
2021,PAMEKASAN,1.021
2021,SUMENEP,1.260
2021,KEDIRI,0.424
2021,BLITAR,0.511
2021,MALANG,0.534
2021,PROBOLINGGO,0.835
2021,PASURUAN,0.872
2021,MOJOKERTO,0.619
2021,MADIUN,0.545
2021,SURABAYA,0.778
2021,BATU,0.763
2021,PANDEGLANG,0.769
2021,LEBAK,1.280
2021,TANGERANG,0.790
2021,SERANG,0.728
2021,TANGERANG,0.757
2021,CILEGON,0.641
2021,SERANG,0.604
2021,TANGERANG SELATAN,0.758
2021,JEMBRANA,0.764
2021,TABANAN,0.970
2021,BADUNG,0.839
2021,GIANYAR,1.118
2021,KLUNGKUNG,0.728
2021,BANGLI,0.888
2021,KARANGASEM,1.343
2021,BULELENG,0.776
2021,DENPASAR,0.587
2021,LOMBOK BARAT,0.696
2021,LOMBOK TENGAH,0.887
2021,LOMBOK TIMUR,0.960
2021,SUMBAWA,0.767
2021,DOMPU,0.807
2021,BIMA,0.742
2021,SUMBAWA BARAT,0.958
2021,LOMBOK UTARA,0.770
2021,MATARAM,0.701
2021,BIMA,0.825
2021,SUMBA BARAT,0.409
2021,SUMBA TIMUR,0.483
2021,KUPANG,0.344
2021,TIMOR TENGAH SELATAN,0.268
2021,TIMOR TENGAH UTARA,0.537
2021,BELU,0.522
2021,ALOR,0.775
2021,LEMBATA,0.781
2021,FLORES TIMUR,0.821
2021,SIKKA,0.576
2021,ENDE,0.898
2021,NGADA,0.678
2021,MANGGARAI,0.618
2021,ROTE NDAO,0.554
2021,MANGGARAI BARAT,0.578
2021,SUMBA TENGAH,0.440
2021,SUMBA BARAT DAYA,0.501
2021,NAGEKEO,0.548
2021,MANGGARAI TIMUR,0.546
2021,SABU RAIJUA,0.478
2021,MALAKA,0.523
2021,KUPANG,0.524
2021,SAMBAS,0.976
2021,BENGKAYANG,0.811
2021,LANDAK,0.867
2021,MEMPAWAH,0.879
2021,SANGGAU,0.897
2021,KETAPANG,1.029
2021,SINTANG,0.810
2021,KAPUAS HULU,0.982
2021,SEKADAU,0.892
2021,MELAWI,0.748
2021,KAYONG UTARA,1.066
2021,KUBU RAYA,0.880
2021,PONTIANAK,0.782
2021,SINGKAWANG,1.073
2021,KOTAWARINGIN BARAT,0.917
2021,KOTAWARINGIN TIMUR,0.905
2021,KAPUAS,1.112
2021,BARITO SELATAN,1.392
2021,BARITO UTARA,1.023
2021,SUKAMARA,1.184
2021,LAMANDAU,1.041
2021,SERUYAN,1.095
2021,KATINGAN,0.995
2021,PULANG PISAU,1.268
2021,GUNUNG MAS,0.885
2021,BARITO TIMUR,1.106
2021,MURUNG RAYA,0.592
2021,PALANGKA RAYA,0.956
2021,TANAH LAUT,0.994
2021,KOTA BARU,1.110
2021,BANJAR,0.948
2021,BARITO KUALA,1.000
2021,TAPIN,1.176
2021,HULU SUNGAI SELATAN,1.079
2021,HULU SUNGAI TENGAH,0.864
2021,HULU SUNGAI UTARA,0.964
2021,TABALONG,0.892
2021,TANAH BUMBU,0.862
2021,BALANGAN,0.871
2021,BANJARMASIN,0.722
2021,BANJAR BARU,0.780
2021,PASER,0.951
2021,KUTAI BARAT,0.929
2021,KUTAI KARTANEGARA,0.723
2021,KUTAI TIMUR,0.815
2021,BERAU,0.917
2021,PENAJAM PASER UTARA,0.936
2021,MAHAKAM ULU,0.762
2021,BALIKPAPAN,0.784
2021,SAMARINDA,0.587
2021,BONTANG,0.839
2021,MALINAU,0.731
2021,BULUNGAN,1.082
2021,TANA TIDUNG,1.061
2021,NUNUKAN,0.903
2021,TARAKAN,1.154
2021,BOLAANG MONGONDOW,1.074
2021,MINAHASA,1.287
2021,KEPULAUAN SANGIHE,0.967
2021,KEPULAUAN TALAUD,0.895
2021,MINAHASA SELATAN,1.089
2021,MINAHASA UTARA,1.012
2021,BOLAANG MONGONDOW UTARA,0.816
2021,SIAU TAGULANDANG BIARO,0.659
2021,MINAHASA TENGGARA,1.234
2021,BOLAANG MONGONDOW SELATAN,0.758
2021,BOLAANG MONGONDOW TIMUR,1.016
2021,MANADO,0.656
2021,BITUNG,0.919
2021,TOMOHON,1.450
2021,KOTAMOBAGU,1.129
2021,BANGGAI KEPULAUAN,0.929
2021,BANGGAI,0.747
2021,MOROWALI,1.062
2021,POSO,0.677
2021,DONGGALA,0.680
2021,TOLI-TOLI,0.629
2021,BUOL,0.583
2021,PARIGI MOUTONG,0.725
2021,TOJO UNA-UNA,0.642
2021,SIGI,0.745
2021,BANGGAI LAUT,0.977
2021,MOROWALI UTARA,1.060
2021,PALU,0.556
2021,KEPULAUAN SELAYAR,0.808
2021,BULUKUMBA,0.885
2021,BANTAENG,0.943
2021,JENEPONTO,0.818
2021,TAKALAR,0.697
2021,GOWA,0.790
2021,SINJAI,0.985
2021,MAROS,0.654
2021,PANGKAJENE DAN KEPULAUAN,1.050
2021,BARRU,0.854
2021,BONE,0.893
2021,SOPPENG,1.013
2021,WAJO,1.025
2021,SIDENRENG RAPPANG,1.065
2021,PINRANG,0.748
2021,ENREKANG,0.815
2021,LUWU,0.829
2021,TANA TORAJA,0.874
2021,LUWU UTARA,0.778
2021,LUWU TIMUR,0.918
2021,TORAJA UTARA,0.648
2021,MAKASAR,0.825
2021,PAREPARE,1.004
2021,PALOPO,0.712
2021,BUTON,0.846
2021,MUNA,0.914
2021,KONAWE,0.887
2021,KOLAKA,1.018
2021,KONAWE SELATAN,1.008
2021,BOMBANA,0.899
2021,WAKATOBI,0.946
2021,KOLAKA UTARA,0.995
2021,BUTON UTARA,0.908
2021,KONAWE UTARA,1.057
2021,KOLAKA TIMUR,0.806
2021,KONAWE KEPULAUAN,0.670
2021,MUNA BARAT,0.955
2021,BUTON TENGAH,0.851
2021,BUTON SELATAN,0.766
2021,KENDARI,0.922
2021,BAUBAU,0.786
2021,BOALEMO,0.812
2021,GORONTALO,1.111
2021,POHUWATO,0.775
2021,BONE BOLANGO,0.784
2021,GORONTALO UTARA,0.895
2021,GORONTALO,0.740
2021,MAJENE,1.034
2021,POLEWALI MANDAR,0.960
2021,MAMASA,1.577
2021,MAMUJU,0.878
2021,MAMUJU UTARA,0.867
2021,MAMUJU TENGAH,0.818
2021,MALUKU TENGGARA BARAT,0.576
2021,MALUKU TENGGARA,0.711
2021,MALUKU TENGAH,0.967
2021,BURU,0.741
2021,KEPULAUAN ARU,0.759
2021,SERAM BAGIAN BARAT,0.766
2021,SERAM BAGIAN TIMUR,0.960
2021,MALUKU BARAT DAYA,0.781
2021,BURU SELATAN,0.845
2021,AMBON,0.881
2021,TUAL,0.784
2021,HALMAHERA BARAT,0.859
2021,HALMAHERA TENGAH,1.066
2021,KEPULAUAN SULA,0.853
2021,HALMAHERA SELATAN,1.085
2021,HALMAHERA UTARA,0.900
2021,HALMAHERA TIMUR,0.825
2021,PULAU MOROTAI,0.797
2021,PULAU TALIABU,0.838
2021,TERNATE,0.870
2021,TIDORE KEPULAUAN,0.955
2021,FAKFAK,1.123
2021,KAIMANA,0.930
2021,TELUK WONDAMA,0.921
2021,TELUK BINTUNI,0.750
2021,MANOKWARI,0.547
2021,SORONG SELATAN,0.949
2021,SORONG,0.913
2021,RAJA AMPAT,1.093
2021,TAMBRAUW,0.535
2021,MAYBRAT,0.666
2021,MANOKWARI SELATAN,0.493
2021,PEGUNUNGAN ARFAK,0.208
2021,SORONG,0.850
2021,MERAUKE,0.976
2021,JAYAWIJAYA,0.360
2021,JAYAPURA,0.511
2021,NABIRE,0.769
2021,KEPULAUAN YAPEN,1.079
2021,BIAK NUMFOR,0.924
2021,PANIAI,0.736
2021,PUNCAK JAYA,0.251
2021,MIMIKA,0.915
2021,BOVEN DIGOEL,0.809
2021,MAPPI,0.678
2021,ASMAT,1.196
2021,YAHUKIMO,0.134
2021,PEGUNUNGAN BINTANG,0.139
2021,TOLIKARA,0.132
2021,SARMI,0.652
2021,KEEROM,0.364
2021,WAROPEN,1.037
2021,SUPIORI,1.707
2021,MAMBERAMO RAYA,0.974
2021,NDUGA,0.460
2021,LANNY JAYA,0.456
2021,MAMBERAMO TENGAH,0.224
2021,YALIMO,0.488
2021,PUNCAK,0.026
2021,DOGIYAI,0.398
2021,INTAN JAYA,1.140
2021,DEIYAI,1.380
2021,JAYAPURA,0.662
2020,SIMEULUE,0.809
2020,ACEH SINGKIL,0.999
2020,ACEH SELATAN,1.157
2020,ACEH TENGGARA,1.599
2020,ACEH TIMUR,1.042
2020,ACEH TENGAH,0.77
2020,ACEH BARAT,0.971
2020,ACEH BESAR,0.76
2020,PIDIE,0.794
2020,BIREUEN,0.893
2020,ACEH UTARA,0.953
2020,ACEH BARAT DAYA,0.935
2020,GAYO LUES,1.5
2020,ACEH TAMIANG,0.721
2020,NAGAN RAYA,0.86
2020,ACEH JAYA,1.006
2020,BENER MERIAH,0.893
2020,PIDIE JAYA,1.143
2020,BANDA ACEH,0.675
2020,SABANG,0.864
2020,LANGSA,0.843
2020,LHOKSEUMAWE,0.858
2020,SUBULUSSALAM,0.953
2020,NIAS,1.338
2020,MANDAILING NATAL,0.831
2020,TAPANULI SELATAN,0.941
2020,TAPANULI TENGAH,1.122
2020,TAPANULI UTARA,2.14
2020,TOBA SAMOSIR,1.719
2020,LABUHAN BATU,1.09
2020,ASAHAN,1.095
2020,SIMALUNGUN,1.296
2020,DAIRI,1.775
2020,KARO,1.277
2020,DELI SERDANG,0.922
2020,LANGKAT,0.77
2020,NIAS SELATAN,0.739
2020,HUMBANG HASUNDUTAN,2.37
2020,PAKPAK BHARAT,2.187
2020,SAMOSIR,2.373
2020,SERDANG BEDAGAI,0.988
2020,BATU BARA,1.108
2020,PADANG LAWAS UTARA,1.207
2020,PADANG LAWAS,0.925
2020,LABUHAN BATU SELATAN,1.256
2020,LABUHAN BATU UTARA,1.374
2020,NIAS UTARA,1.165
2020,NIAS BARAT,1.363
2020,SIBOLGA,0.871
2020,TANJUNG BALAI,1.074
2020,PEMATANG SIANTAR,1.268
2020,TEBING TINGGI,0.999
2020,MEDAN,0.929
2020,BINJAI,0.809
2020,PADANGSIDIMPUAN,0.977
2020,GUNUNGSITOLI,0.804
2020,KEPULAUAN MENTAWAI,0.794
2020,PESISIR SELATAN,0.751
2020,SOLOK,0.594
2020,SIJUNJUNG,0.671
2020,TANAH DATAR,0.841
2020,PADANG PARIAMAN,0.613
2020,AGAM,0.84
2020,LIMA PULUH KOTA,0.752
2020,PASAMAN,0.785
2020,SOLOK SELATAN,0.671
2020,DHARMASRAYA,0.717
2020,PASAMAN BARAT,0.743
2020,PADANG,0.525
2020,SOLOK,0.745
2020,SAWAH LUNTO,0.643
2020,PADANG PANJANG,0.562
2020,BUKITTINGGI,0.683
2020,PAYAKUMBUH,0.627
2020,PARIAMAN,0.571
2020,KUANTAN SINGINGI,0.912
2020,INDRAGIRI HULU,0.864
2020,INDRAGIRI HILIR,1.021
2020,PELALAWAN,1.081
2020,SIAK,1.237
2020,KAMPAR,0.869
2020,ROKAN HULU,0.984
2020,BENGKALIS,1.044
2020,ROKAN HILIR,1.273
2020,KEPULAUAN MERANTI,1.043
2020,PEKANBARU,0.837
2020,DUMAI,0.901
2020,KERINCI,0.901
2020,MERANGIN,0.694
2020,SAROLANGUN,0.659
2020,BATANG HARI,0.697
2020,MUARO JAMBI,0.716
2020,TANJUNG JABUNG TIMUR,0.902
2020,TANJUNG JABUNG BARAT,0.83
2020,TEBO,0.729
2020,BUNGO,0.758
2020,JAMBI,0.703
2020,SUNGAI PENUH,0.798
2020,OGAN KOMERING ULU,0.768
2020,OGAN KOMERING ILIR,0.81
2020,MUARA ENIM,0.804
2020,LAHAT,0.834
2020,MUSI RAWAS,0.632
2020,MUSI BANYUASIN,0.877
2020,BANYU ASIN,0.882
2020,OGAN KOMERING ULU SELATAN,0.672
2020,OGAN KOMERING ULU TIMUR,0.827
2020,OGAN ILIR,0.71
2020,EMPAT LAWANG,0.597
2020,PENUKAL ABAB LEMATANG ILIR,0.867
2020,MUSI RAWAS UTARA,0.707
2020,PALEMBANG,0.715
2020,PRABUMULIH,0.727
2020,PAGAR ALAM,0.482
2020,LUBUKLINGGAU,0.718
2020,BENGKULU SELATAN,0.713
2020,REJANG LEBONG,0.58
2020,BENGKULU UTARA,0.7
2020,KAUR,0.591
2020,SELUMA,0.596
2020,MUKOMUKO,0.855
2020,LEBONG,0.841
2020,KEPAHIANG,0.654
2020,BENGKULU TENGAH,0.631
2020,BENGKULU,0.723
2020,LAMPUNG BARAT,0.697
2020,TANGGAMUS,0.574
2020,LAMPUNG SELATAN,0.629
2020,LAMPUNG TIMUR,0.666
2020,LAMPUNG TENGAH,0.723
2020,LAMPUNG UTARA,0.632
2020,WAY KANAN,0.655
2020,TULANGBAWANG,0.752
2020,PESAWARAN,0.65
2020,PRINGSEWU,0.487
2020,MESUJI,0.628
2020,TULANG BAWANG BARAT,0.589
2020,PESISIR BARAT,0.633
2020,BANDAR LAMPUNG,0.631
2020,METRO,0.679
2020,BANGKA,0.812
2020,BELITUNG,0.945
2020,BANGKA BARAT,0.866
2020,BANGKA TENGAH,0.779
2020,BANGKA SELATAN,0.856
2020,BELITUNG TIMUR,1.069
2020,PANGKAL PINANG,0.765
2020,KARIMUN,0.964
2020,BINTAN,0.992
2020,NATUNA,1.038
2020,LINGGA,1.279
2020,KEPULAUAN ANAMBAS,1.1
2020,BATAM,0.887
2020,TANJUNG PINANG,0.806
2020,KEPULAUAN SERIBU,0.949
2020,JAKARTA SELATAN,0.656
2020,JAKARTA TIMUR,0.67
2020,JAKARTA PUSAT,0.639
2020,JAKARTA BARAT,0.65
2020,JAKARTA UTARA,0.692
2020,BOGOR,0.839
2020,SUKABUMI,1.038
2020,CIANJUR,0.919
2020,BANDUNG,0.708
2020,GARUT,0.646
2020,TASIKMALAYA,0.58
2020,CIAMIS,0.603
2020,KUNINGAN,0.522
2020,CIREBON,0.461
2020,MAJALENGKA,0.363
2020,SUMEDANG,0.723
2020,INDRAMAYU,0.64
2020,SUBANG,0.659
2020,PURWAKARTA,0.928
2020,KARAWANG,0.654
2020,BEKASI,0.562
2020,BANDUNG BARAT,0.829
2020,PANGANDARAN,0.598
2020,BOGOR,0.796
2020,SUKABUMI,0.89
2020,BANDUNG,0.561
2020,CIREBON,0.388
2020,BEKASI,0.821
2020,DEPOK,0.746
2020,CIMAHI,0.544
2020,TASIKMALAYA,0.446
2020,BANJAR,0.472
2020,CILACAP,0.372
2020,BANYUMAS,0.521
2020,PURBALINGGA,0.347
2020,BANJARNEGARA,1.089
2020,KEBUMEN,0.404
2020,PURWOREJO,0.492
2020,WONOSOBO,0.725
2020,MAGELANG,0.521
2020,BOYOLALI,0.551
2020,KLATEN,0.421
2020,SUKOHARJO,0.472
2020,WONOGIRI,0.446
2020,KARANGANYAR,0.659
2020,SRAGEN,0.913
2020,GROBOGAN,0.521
2020,BLORA,0.802
2020,REMBANG,1.079
2020,PATI,0.962
2020,KUDUS,0.492
2020,JEPARA,0.598
2020,DEMAK,0.776
2020,SEMARANG,0.46
2020,TEMANGGUNG,0.777
2020,KENDAL,0.643
2020,BATANG,1.191
2020,PEKALONGAN,0.788
2020,PEMALANG,0.712
2020,TEGAL,0.538
2020,BREBES,0.371
2020,MAGELANG,0.397
2020,SURAKARTA,0.337
2020,SALATIGA,0.685
2020,SEMARANG,0.684
2020,PEKALONGAN,0.412
2020,TEGAL,0.467
2020,KULON PROGO,0.344
2020,BANTUL,0.392
2020,GUNUNG KIDUL,0.57
2020,SLEMAN,0.638
2020,YOGYAKARTA,0.424
2020,PACITAN,0.334
2020,PONOROGO,0.363
2020,TRENGGALEK,0.744
2020,TULUNGAGUNG,0.637
2020,BLITAR,0.554
2020,KEDIRI,0.464
2020,MALANG,0.599
2020,LUMAJANG,0.827
2020,JEMBER,0.907
2020,BANYUWANGI,0.582
2020,BONDOWOSO,1.264
2020,SITUBONDO,0.492
2020,PROBOLINGGO,0.573
2020,PASURUAN,0.784
2020,SIDOARJO,0.572
2020,MOJOKERTO,0.583
2020,JOMBANG,0.666
2020,NGANJUK,0.467
2020,MADIUN,0.515
2020,MAGETAN,0.407
2020,NGAWI,0.64
2020,BOJONEGORO,0.8
2020,TUBAN,1.433
2020,LAMONGAN,0.913
2020,GRESIK,0.665
2020,BANGKALAN,1.067
2020,SAMPANG,1.359
2020,PAMEKASAN,0.961
2020,SUMENEP,1.44
2020,KEDIRI,0.388
2020,BLITAR,0.575
2020,MALANG,0.524
2020,PROBOLINGGO,0.682
2020,PASURUAN,0.741
2020,MOJOKERTO,0.51
2020,MADIUN,0.489
2020,SURABAYA,0.687
2020,BATU,0.81
2020,PANDEGLANG,0.664
2020,LEBAK,0.993
2020,TANGERANG,0.84
2020,SERANG,0.675
2020,TANGERANG,0.718
2020,CILEGON,0.58
2020,SERANG,0.647
2020,TANGERANG SELATAN,0.726
2020,JEMBRANA,0.792
2020,TABANAN,0.807
2020,BADUNG,0.686
2020,GIANYAR,0.927
2020,KLUNGKUNG,0.705
2020,BANGLI,0.843
2020,KARANGASEM,1.36
2020,BULELENG,0.733
2020,DENPASAR,0.503
2020,LOMBOK BARAT,0.692
2020,LOMBOK TENGAH,1.044
2020,LOMBOK TIMUR,0.73
2020,SUMBAWA,0.828
2020,DOMPU,0.854
2020,BIMA,0.885
2020,SUMBAWA BARAT,0.914
2020,LOMBOK UTARA,0.787
2020,MATARAM,0.703
2020,BIMA,0.797
2020,SUMBA BARAT,0.393
2020,SUMBA TIMUR,0.465
2020,KUPANG,0.342
2020,TIMOR TENGAH SELATAN,0.331
2020,TIMOR TENGAH UTARA,0.379
2020,BELU,0.564
2020,ALOR,0.735
2020,LEMBATA,0.75
2020,FLORES TIMUR,0.879
2020,SIKKA,0.56
2020,ENDE,0.747
2020,NGADA,0.81
2020,MANGGARAI,0.497
2020,ROTE NDAO,0.467
2020,MANGGARAI BARAT,0.634
2020,SUMBA TENGAH,0.341
2020,SUMBA BARAT DAYA,0.377
2020,NAGEKEO,0.638
2020,MANGGARAI TIMUR,0.411
2020,SABU RAIJUA,0.437
2020,MALAKA,0.596
2020,KUPANG,0.581
2020,SAMBAS,0.917
2020,BENGKAYANG,0.792
2020,LANDAK,0.682
2020,MEMPAWAH,0.852
2020,SANGGAU,0.756
2020,KETAPANG,0.841
2020,SINTANG,0.736
2020,KAPUAS HULU,0.702
2020,SEKADAU,0.838
2020,MELAWI,0.641
2020,KAYONG UTARA,0.942
2020,KUBU RAYA,0.801
2020,PONTIANAK,0.817
2020,SINGKAWANG,0.898
2020,KOTAWARINGIN BARAT,0.791
2020,KOTAWARINGIN TIMUR,0.823
2020,KAPUAS,1.019
2020,BARITO SELATAN,1.137
2020,BARITO UTARA,0.915
2020,SUKAMARA,0.998
2020,LAMANDAU,0.841
2020,SERUYAN,0.85
2020,KATINGAN,1.073
2020,PULANG PISAU,1.05
2020,GUNUNG MAS,0.966
2020,BARITO TIMUR,1.039
2020,MURUNG RAYA,0.57
2020,PALANGKA RAYA,0.783
2020,TANAH LAUT,0.841
2020,KOTA BARU,1.003
2020,BANJAR,0.737
2020,BARITO KUALA,1.039
2020,TAPIN,1.018
2020,HULU SUNGAI SELATAN,0.903
2020,HULU SUNGAI TENGAH,0.846
2020,HULU SUNGAI UTARA,0.819
2020,TABALONG,0.886
2020,TANAH BUMBU,0.765
2020,BALANGAN,0.687
2020,BANJARMASIN,0.629
2020,BANJAR BARU,0.678
2020,PASER,0.922
2020,KUTAI BARAT,0.888
2020,KUTAI KARTANEGARA,0.717
2020,KUTAI TIMUR,0.895
2020,BERAU,1.051
2020,PENAJAM PASER UTARA,0.802
2020,MAHAKAM ULU,0.697
2020,BALIKPAPAN,0.654
2020,SAMARINDA,0.695
2020,BONTANG,0.681
2020,MALINAU,0.78
2020,BULUNGAN,0.976
2020,TANA TIDUNG,1.223
2020,NUNUKAN,1.007
2020,TARAKAN,1.016
2020,BOLAANG MONGONDOW,1.178
2020,MINAHASA,1.076
2020,KEPULAUAN SANGIHE,0.994
2020,KEPULAUAN TALAUD,0.76
2020,MINAHASA SELATAN,0.99
2020,MINAHASA UTARA,1.084
2020,BOLAANG MONGONDOW UTARA,0.753
2020,SIAU TAGULANDANG BIARO,0.803
2020,MINAHASA TENGGARA,0.914
2020,BOLAANG MONGONDOW SELATAN,0.824
2020,BOLAANG MONGONDOW TIMUR,1.013
2020,MANADO,0.654
2020,BITUNG,0.913
2020,TOMOHON,1.381
2020,KOTAMOBAGU,1.131
2020,BANGGAI KEPULAUAN,0.853
2020,BANGGAI,0.728
2020,MOROWALI,1.158
2020,POSO,0.739
2020,DONGGALA,0.661
2020,TOLI-TOLI,0.593
2020,BUOL,0.535
2020,PARIGI MOUTONG,0.711
2020,TOJO UNA-UNA,0.648
2020,SIGI,0.755
2020,BANGGAI LAUT,0.888
2020,MOROWALI UTARA,0.98
2020,PALU,0.602
2020,KEPULAUAN SELAYAR,0.828
2020,BULUKUMBA,0.705
2020,BANTAENG,0.839
2020,JENEPONTO,0.828
2020,TAKALAR,0.641
2020,GOWA,0.859
2020,SINJAI,0.918
2020,MAROS,0.599
2020,PANGKAJENE DAN KEPULAUAN,1.1
2020,BARRU,0.915
2020,BONE,0.774
2020,SOPPENG,0.997
2020,WAJO,0.938
2020,SIDENRENG RAPPANG,0.982
2020,PINRANG,0.703
2020,ENREKANG,0.85
2020,LUWU,0.791
2020,TANA TORAJA,1.012
2020,LUWU UTARA,0.816
2020,LUWU TIMUR,0.731
2020,TORAJA UTARA,0.591
2020,MAKASAR,0.74
2020,PAREPARE,0.939
2020,PALOPO,0.728
2020,BUTON,0.74
2020,MUNA,0.893
2020,KONAWE,1.018
2020,KOLAKA,1.204
2020,KONAWE SELATAN,0.879
2020,BOMBANA,0.95
2020,WAKATOBI,0.945
2020,KOLAKA UTARA,0.999
2020,BUTON UTARA,0.94
2020,KONAWE UTARA,1.129
2020,KOLAKA TIMUR,0.831
2020,KONAWE KEPULAUAN,0.677
2020,MUNA BARAT,0.86
2020,BUTON TENGAH,0.811
2020,BUTON SELATAN,0.85
2020,KENDARI,0.923
2020,BAUBAU,0.754
2020,BOALEMO,0.806
2020,GORONTALO,1.034
2020,POHUWATO,0.723
2020,BONE BOLANGO,0.814
2020,GORONTALO UTARA,0.747
2020,GORONTALO,0.758
2020,MAJENE,0.914
2020,POLEWALI MANDAR,1.012
2020,MAMASA,1.17
2020,MAMUJU,0.892
2020,MAMUJU UTARA,0.854
2020,MAMUJU TENGAH,0.784
2020,MALUKU TENGGARA BARAT,0.586
2020,MALUKU TENGGARA,0.679
2020,MALUKU TENGAH,0.968
2020,BURU,0.63
2020,KEPULAUAN ARU,0.701
2020,SERAM BAGIAN BARAT,0.721
2020,SERAM BAGIAN TIMUR,1.411
2020,MALUKU BARAT DAYA,0.803
2020,BURU SELATAN,0.72
2020,AMBON,0.736
2020,TUAL,0.811
2020,HALMAHERA BARAT,0.824
2020,HALMAHERA TENGAH,0.875
2020,KEPULAUAN SULA,0.906
2020,HALMAHERA SELATAN,0.981
2020,HALMAHERA UTARA,0.705
2020,HALMAHERA TIMUR,0.816
2020,PULAU MOROTAI,0.6
2020,PULAU TALIABU,0.938
2020,TERNATE,0.788
2020,TIDORE KEPULAUAN,0.855
2020,FAKFAK,1.037
2020,KAIMANA,1.037
2020,TELUK WONDAMA,0.848
2020,TELUK BINTUNI,0.72
2020,MANOKWARI,0.658
2020,SORONG SELATAN,0.965
2020,SORONG,0.738
2020,RAJA AMPAT,1.222
2020,TAMBRAUW,0.922
2020,MAYBRAT,0.795
2020,MANOKWARI SELATAN,0.655
2020,PEGUNUNGAN ARFAK,0.192
2020,SORONG,0.83
2020,MERAUKE,1.044
2020,JAYAWIJAYA,0.385
2020,JAYAPURA,0.367
2020,NABIRE,0.682
2020,KEPULAUAN YAPEN,0.825
2020,BIAK NUMFOR,0.841
2020,PANIAI,0.433
2020,PUNCAK JAYA,0.237
2020,MIMIKA,0.819
2020,BOVEN DIGOEL,0.729
2020,MAPPI,0.724
2020,ASMAT,0.968
2020,YAHUKIMO,0.117
2020,PEGUNUNGAN BINTANG,0.22
2020,TOLIKARA,0.141
2020,SARMI,0.898
2020,KEEROM,0.313
2020,WAROPEN,1.092
2020,SUPIORI,1.865
2020,MAMBERAMO RAYA,1.552
2020,NDUGA,0.131
2020,LANNY JAYA,0.394
2020,MAMBERAMO TENGAH,0.4
2020,YALIMO,0.533
2020,PUNCAK,0
2020,DOGIYAI,0.44
2020,INTAN JAYA,0.788
2020,DEIYAI,0.353
2020,JAYAPURA,0.599
2019,SIMEULUE,0.901
2019,ACEH SINGKIL,1.034
2019,ACEH SELATAN,1.163
2019,ACEH TENGGARA,1.446
2019,ACEH TIMUR,0.914
2019,ACEH TENGAH,0.686
2019,ACEH BARAT,0.899
2019,ACEH BESAR,0.866
2019,PIDIE,0.81
2019,BIREUEN,0.884
2019,ACEH UTARA,0.957
2019,ACEH BARAT DAYA,0.918
2019,GAYO LUES,1.543
2019,ACEH TAMIANG,0.758
2019,NAGAN RAYA,0.804
2019,ACEH JAYA,1
2019,BENER MERIAH,0.824
2019,PIDIE JAYA,0.934
2019,BANDA ACEH,0.708
2019,SABANG,0.928
2019,LANGSA,0.782
2019,LHOKSEUMAWE,0.895
2019,SUBULUSSALAM,0.862
2019,NIAS,1.535
2019,MANDAILING NATAL,0.918
2019,TAPANULI SELATAN,0.913
2019,TAPANULI TENGAH,1.162
2019,TAPANULI UTARA,2.074
2019,TOBA SAMOSIR,1.761
2019,LABUHAN BATU,1.108
2019,ASAHAN,1.227
2019,SIMALUNGUN,1.301
2019,DAIRI,1.998
2019,KARO,1.348
2019,DELI SERDANG,1.002
2019,LANGKAT,0.797
2019,NIAS SELATAN,1.096
2019,HUMBANG HASUNDUTAN,2.432
2019,PAKPAK BHARAT,2.059
2019,SAMOSIR,2.233
2019,SERDANG BEDAGAI,0.992
2019,BATU BARA,1.019
2019,PADANG LAWAS UTARA,1.251
2019,PADANG LAWAS,0.89
2019,LABUHAN BATU SELATAN,1.18
2019,LABUHAN BATU UTARA,1.208
2019,NIAS UTARA,1.425
2019,NIAS BARAT,1.376
2019,SIBOLGA,0.838
2019,TANJUNG BALAI,1.083
2019,PEMATANG SIANTAR,1.083
2019,TEBING TINGGI,0.9
2019,MEDAN,0.971
2019,BINJAI,0.953
2019,PADANGSIDIMPUAN,0.914
2019,GUNUNGSITOLI,0.942
2019,KEPULAUAN MENTAWAI,0.691
2019,PESISIR SELATAN,0.764
2019,SOLOK,0.741
2019,SIJUNJUNG,0.654
2019,TANAH DATAR,0.706
2019,PADANG PARIAMAN,0.589
2019,AGAM,0.757
2019,LIMA PULUH KOTA,0.856
2019,PASAMAN,0.785
2019,SOLOK SELATAN,0.694
2019,DHARMASRAYA,0.742
2019,PASAMAN BARAT,0.699
2019,PADANG,0.567
2019,SOLOK,0.749
2019,SAWAH LUNTO,0.569
2019,PADANG PANJANG,0.58
2019,BUKITTINGGI,0.658
2019,PAYAKUMBUH,0.779
2019,PARIAMAN,0.54
2019,KUANTAN SINGINGI,0.865
2019,INDRAGIRI HULU,0.867
2019,INDRAGIRI HILIR,1.047
2019,PELALAWAN,1.056
2019,SIAK,0.986
2019,KAMPAR,0.809
2019,ROKAN HULU,1.007
2019,BENGKALIS,0.937
2019,ROKAN HILIR,1.282
2019,KEPULAUAN MERANTI,1.031
2019,PEKANBARU,0.835
2019,DUMAI,1.001
2019,KERINCI,0.8
2019,MERANGIN,0.803
2019,SAROLANGUN,0.678
2019,BATANG HARI,0.736
2019,MUARO JAMBI,0.724
2019,TANJUNG JABUNG TIMUR,0.944
2019,TANJUNG JABUNG BARAT,0.874
2019,TEBO,0.783
2019,BUNGO,0.842
2019,JAMBI,0.738
2019,SUNGAI PENUH,0.775
2019,OGAN KOMERING ULU,0.665
2019,OGAN KOMERING ILIR,0.804
2019,MUARA ENIM,0.753
2019,LAHAT,0.805
2019,MUSI RAWAS,0.622
2019,MUSI BANYUASIN,0.898
2019,BANYU ASIN,0.984
2019,OGAN KOMERING ULU SELATAN,0.727
2019,OGAN KOMERING ULU TIMUR,0.747
2019,OGAN ILIR,0.803
2019,EMPAT LAWANG,0.664
2019,PENUKAL ABAB LEMATANG ILIR,0.904
2019,MUSI RAWAS UTARA,0.623
2019,PALEMBANG,0.781
2019,PRABUMULIH,0.682
2019,PAGAR ALAM,0.638
2019,LUBUKLINGGAU,0.671
2019,BENGKULU SELATAN,0.675
2019,REJANG LEBONG,0.574
2019,BENGKULU UTARA,0.617
2019,KAUR,0.675
2019,SELUMA,0.585
2019,MUKOMUKO,0.719
2019,LEBONG,0.823
2019,KEPAHIANG,0.667
2019,BENGKULU TENGAH,0.61
2019,BENGKULU,0.703
2019,LAMPUNG BARAT,0.666
2019,TANGGAMUS,0.597
2019,LAMPUNG SELATAN,0.657
2019,LAMPUNG TIMUR,0.664
2019,LAMPUNG TENGAH,0.759
2019,LAMPUNG UTARA,0.712
2019,WAY KANAN,0.714
2019,TULANGBAWANG,0.758
2019,PESAWARAN,0.671
2019,PRINGSEWU,0.542
2019,MESUJI,0.729
2019,TULANG BAWANG BARAT,0.614
2019,PESISIR BARAT,0.619
2019,BANDAR LAMPUNG,0.637
2019,METRO,0.621
2019,BANGKA,0.938
2019,BELITUNG,0.959
2019,BANGKA BARAT,0.91
2019,BANGKA TENGAH,0.859
2019,BANGKA SELATAN,0.912
2019,BELITUNG TIMUR,0.995
2019,PANGKAL PINANG,0.857
2019,KARIMUN,0.941
2019,BINTAN,0.904
2019,NATUNA,1.057
2019,LINGGA,1.407
2019,KEPULAUAN ANAMBAS,1.07
2019,BATAM,0.78
2019,TANJUNG PINANG,0.895
2019,KEPULAUAN SERIBU,1.041
2019,JAKARTA SELATAN,0.758
2019,JAKARTA TIMUR,0.749
2019,JAKARTA PUSAT,0.56
2019,JAKARTA BARAT,0.676
2019,JAKARTA UTARA,0.798
2019,BOGOR,0.93
2019,SUKABUMI,1.207
2019,CIANJUR,0.855
2019,BANDUNG,0.712
2019,GARUT,0.548
2019,TASIKMALAYA,0.608
2019,CIAMIS,0.588
2019,KUNINGAN,0.495
2019,CIREBON,0.463
2019,MAJALENGKA,0.512
2019,SUMEDANG,0.722
2019,INDRAMAYU,0.711
2019,SUBANG,0.664
2019,PURWAKARTA,0.914
2019,KARAWANG,0.684
2019,BEKASI,0.858
2019,BANDUNG BARAT,0.727
2019,PANGANDARAN,0.571
2019,BOGOR,0.775
2019,SUKABUMI,0.902
2019,BANDUNG,0.573
2019,CIREBON,0.457
2019,BEKASI,0.731
2019,DEPOK,0.731
2019,CIMAHI,0.571
2019,TASIKMALAYA,0.524
2019,BANJAR,0.461
2019,CILACAP,0.351
2019,BANYUMAS,0.503
2019,PURBALINGGA,0.385
2019,BANJARNEGARA,0.942
2019,KEBUMEN,0.342
2019,PURWOREJO,0.486
2019,WONOSOBO,0.88
2019,MAGELANG,0.463
2019,BOYOLALI,0.585
2019,KLATEN,0.418
2019,SUKOHARJO,0.498
2019,WONOGIRI,0.56
2019,KARANGANYAR,0.503
2019,SRAGEN,0.647
2019,GROBOGAN,0.594
2019,BLORA,0.721
2019,REMBANG,1.058
2019,PATI,0.858
2019,KUDUS,0.478
2019,JEPARA,0.476
2019,DEMAK,0.736
2019,SEMARANG,0.639
2019,TEMANGGUNG,0.637
2019,KENDAL,0.61
2019,BATANG,0.914
2019,PEKALONGAN,0.771
2019,PEMALANG,0.616
2019,TEGAL,0.55
2019,BREBES,0.412
2019,MAGELANG,0.409
2019,SURAKARTA,0.328
2019,SALATIGA,0.646
2019,SEMARANG,0.691
2019,PEKALONGAN,0.472
2019,TEGAL,0.341
2019,KULON PROGO,0.319
2019,BANTUL,0.321
2019,GUNUNG KIDUL,0.539
2019,SLEMAN,0.664
2019,YOGYAKARTA,0.45
2019,PACITAN,0.432
2019,PONOROGO,0.491
2019,TRENGGALEK,0.725
2019,TULUNGAGUNG,0.606
2019,BLITAR,0.524
2019,KEDIRI,0.557
2019,MALANG,0.708
2019,LUMAJANG,0.841
2019,JEMBER,0.764
2019,BANYUWANGI,0.499
2019,BONDOWOSO,1.029
2019,SITUBONDO,0.528
2019,PROBOLINGGO,0.514
2019,PASURUAN,0.781
2019,SIDOARJO,0.626
2019,MOJOKERTO,0.703
2019,JOMBANG,0.542
2019,NGANJUK,0.446
2019,MADIUN,0.449
2019,MAGETAN,0.428
2019,NGAWI,0.873
2019,BOJONEGORO,0.828
2019,TUBAN,1.441
2019,LAMONGAN,0.697
2019,GRESIK,0.784
2019,BANGKALAN,0.896
2019,SAMPANG,1.486
2019,PAMEKASAN,1.041
2019,SUMENEP,1.573
2019,KEDIRI,0.372
2019,BLITAR,0.533
2019,MALANG,0.528
2019,PROBOLINGGO,0.663
2019,PASURUAN,0.665
2019,MOJOKERTO,0.551
2019,MADIUN,0.47
2019,SURABAYA,0.609
2019,BATU,0.619
2019,PANDEGLANG,0.69
2019,LEBAK,0.977
2019,TANGERANG,0.856
2019,SERANG,0.749
2019,TANGERANG,0.658
2019,CILEGON,0.614
2019,SERANG,0.647
2019,TANGERANG SELATAN,0.748
2019,JEMBRANA,0.701
2019,TABANAN,1.031
2019,BADUNG,0.789
2019,GIANYAR,1.105
2019,KLUNGKUNG,0.925
2019,BANGLI,0.969
2019,KARANGASEM,1.315
2019,BULELENG,0.662
2019,DENPASAR,0.773
2019,LOMBOK BARAT,1.142
2019,LOMBOK TENGAH,1.029
2019,LOMBOK TIMUR,0.804
2019,SUMBAWA,0.839
2019,DOMPU,0.671
2019,BIMA,0.952
2019,SUMBAWA BARAT,0.846
2019,LOMBOK UTARA,0.782
2019,MATARAM,0.74
2019,BIMA,0.784
2019,SUMBA BARAT,0.349
2019,SUMBA TIMUR,0.443
2019,KUPANG,0.291
2019,TIMOR TENGAH SELATAN,0.327
2019,TIMOR TENGAH UTARA,0.468
2019,BELU,0.39
2019,ALOR,0.675
2019,LEMBATA,0.665
2019,FLORES TIMUR,0.881
2019,SIKKA,0.577
2019,ENDE,0.649
2019,NGADA,0.787
2019,MANGGARAI,0.57
2019,ROTE NDAO,0.421
2019,MANGGARAI BARAT,0.703
2019,SUMBA TENGAH,0.328
2019,SUMBA BARAT DAYA,0.422
2019,NAGEKEO,0.533
2019,MANGGARAI TIMUR,0.399
2019,SABU RAIJUA,0.417
2019,MALAKA,0.624
2019,KUPANG,0.445
2019,SAMBAS,0.903
2019,BENGKAYANG,0.806
2019,LANDAK,0.819
2019,MEMPAWAH,0.829
2019,SANGGAU,0.757
2019,KETAPANG,0.903
2019,SINTANG,0.689
2019,KAPUAS HULU,0.878
2019,SEKADAU,0.821
2019,MELAWI,0.598
2019,KAYONG UTARA,0.944
2019,KUBU RAYA,0.8
2019,PONTIANAK,0.794
2019,SINGKAWANG,0.888
2019,KOTAWARINGIN BARAT,0.818
2019,KOTAWARINGIN TIMUR,0.809
2019,KAPUAS,1.169
2019,BARITO SELATAN,1.168
2019,BARITO UTARA,0.856
2019,SUKAMARA,0.985
2019,LAMANDAU,0.935
2019,SERUYAN,0.917
2019,KATINGAN,1.13
2019,PULANG PISAU,1.288
2019,GUNUNG MAS,1.034
2019,BARITO TIMUR,0.94
2019,MURUNG RAYA,0.764
2019,PALANGKA RAYA,0.841
2019,TANAH LAUT,0.847
2019,KOTA BARU,1.08
2019,BANJAR,0.78
2019,BARITO KUALA,0.966
2019,TAPIN,1.178
2019,HULU SUNGAI SELATAN,1.042
2019,HULU SUNGAI TENGAH,0.905
2019,HULU SUNGAI UTARA,0.81
2019,TABALONG,0.8
2019,TANAH BUMBU,0.849
2019,BALANGAN,0.762
2019,BANJARMASIN,0.639
2019,BANJAR BARU,0.689
2019,PASER,0.897
2019,KUTAI BARAT,0.952
2019,KUTAI KARTANEGARA,0.71
2019,KUTAI TIMUR,0.793
2019,BERAU,0.968
2019,PENAJAM PASER UTARA,0.791
2019,MAHAKAM ULU,0.843
2019,BALIKPAPAN,0.727
2019,SAMARINDA,0.679
2019,BONTANG,0.749
2019,MALINAU,0.773
2019,BULUNGAN,0.966
2019,TANA TIDUNG,1.056
2019,NUNUKAN,1.002
2019,TARAKAN,0.946
2019,BOLAANG MONGONDOW,1.133
2019,MINAHASA,1.255
2019,KEPULAUAN SANGIHE,1.024
2019,KEPULAUAN TALAUD,0.847
2019,MINAHASA SELATAN,0.99
2019,MINAHASA UTARA,1.149
2019,BOLAANG MONGONDOW UTARA,0.684
2019,SIAU TAGULANDANG BIARO,0.626
2019,MINAHASA TENGGARA,0.988
2019,BOLAANG MONGONDOW SELATAN,0.907
2019,BOLAANG MONGONDOW TIMUR,0.821
2019,MANADO,0.714
2019,BITUNG,0.812
2019,TOMOHON,1.386
2019,KOTAMOBAGU,1.266
2019,BANGGAI KEPULAUAN,0.981
2019,BANGGAI,0.656
2019,MOROWALI,0.989
2019,POSO,0.75
2019,DONGGALA,0.614
2019,TOLI-TOLI,0.755
2019,BUOL,0.673
2019,PARIGI MOUTONG,0.716
2019,TOJO UNA-UNA,0.734
2019,SIGI,0.768
2019,BANGGAI LAUT,0.925
2019,MOROWALI UTARA,0.905
2019,PALU,0.795
2019,KEPULAUAN SELAYAR,0.848
2019,BULUKUMBA,0.762
2019,BANTAENG,0.716
2019,JENEPONTO,0.77
2019,TAKALAR,0.637
2019,GOWA,0.905
2019,SINJAI,0.857
2019,MAROS,0.594
2019,PANGKAJENE DAN KEPULAUAN,1.049
2019,BARRU,0.818
2019,BONE,0.874
2019,SOPPENG,1.01
2019,WAJO,0.001
2019,SIDENRENG RAPPANG,1.101
2019,PINRANG,0.94
2019,ENREKANG,0.775
2019,LUWU,0.751
2019,TANA TORAJA,0.892
2019,LUWU UTARA,0.839
2019,LUWU TIMUR,0.809
2019,TORAJA UTARA,0.585
2019,MAKASAR,1.022
2019,PAREPARE,1.087
2019,PALOPO,0.724
2019,BUTON,0.873
2019,MUNA,0.955
2019,KONAWE,1.054
2019,KOLAKA,1.036
2019,KONAWE SELATAN,0.777
2019,BOMBANA,0.993
2019,WAKATOBI,1.029
2019,KOLAKA UTARA,1.132
2019,BUTON UTARA,0.912
2019,KONAWE UTARA,0.986
2019,KOLAKA TIMUR,0.828
2019,KONAWE KEPULAUAN,0.846
2019,MUNA BARAT,0.852
2019,BUTON TENGAH,0.983
2019,BUTON SELATAN,0.862
2019,KENDARI,0.955
2019,BAUBAU,0.794
2019,BOALEMO,0.82
2019,GORONTALO,1.046
2019,POHUWATO,0.766
2019,BONE BOLANGO,0.874
2019,GORONTALO UTARA,0.962
2019,GORONTALO,0.869
2019,MAJENE,0.894
2019,POLEWALI MANDAR,0.944
2019,MAMASA,1.36
2019,MAMUJU,0.906
2019,MAMUJU UTARA,0.962
2019,MAMUJU TENGAH,0.837
2019,MALUKU TENGGARA BARAT,0.457
2019,MALUKU TENGGARA,0.826
2019,MALUKU TENGAH,0.955
2019,BURU,0.807
2019,KEPULAUAN ARU,0.719
2019,SERAM BAGIAN BARAT,0.621
2019,SERAM BAGIAN TIMUR,1.09
2019,MALUKU BARAT DAYA,0.641
2019,BURU SELATAN,0.83
2019,AMBON,0.714
2019,TUAL,0.757
2019,HALMAHERA BARAT,0.789
2019,HALMAHERA TENGAH,0.903
2019,KEPULAUAN SULA,0.937
2019,HALMAHERA SELATAN,0.933
2019,HALMAHERA UTARA,0.646
2019,HALMAHERA TIMUR,0.907
2019,PULAU MOROTAI,0.75
2019,PULAU TALIABU,0.769
2019,TERNATE,0.822
2019,TIDORE KEPULAUAN,1.083
2019,FAKFAK,0.875
2019,KAIMANA,1.08
2019,TELUK WONDAMA,0.851
2019,TELUK BINTUNI,0.666
2019,MANOKWARI,0.744
2019,SORONG SELATAN,0.716
2019,SORONG,1.068
2019,RAJA AMPAT,1.263
2019,TAMBRAUW,0.578
2019,MAYBRAT,0.51
2019,MANOKWARI SELATAN,0.598
2019,PEGUNUNGAN ARFAK,0.437
2019,SORONG,0.835
2019,MERAUKE,1.003
2019,JAYAWIJAYA,0.18
2019,JAYAPURA,0.547
2019,NABIRE,0.53
2019,KEPULAUAN YAPEN,1.069
2019,BIAK NUMFOR,0.802
2019,PANIAI,0.611
2019,PUNCAK JAYA,0.136
2019,MIMIKA,0.789
2019,BOVEN DIGOEL,1.012
2019,MAPPI,0.746
2019,ASMAT,0.813
2019,YAHUKIMO,0.029
2019,PEGUNUNGAN BINTANG,0.561
2019,TOLIKARA,0.197
2019,SARMI,0.675
2019,KEEROM,0.583
2019,WAROPEN,0.662
2019,SUPIORI,1.263
2019,MAMBERAMO RAYA,1.385
2019,NDUGA,0.088
2019,LANNY JAYA,0.264
2019,MAMBERAMO TENGAH,0.23
2019,YALIMO,0.081
2019,PUNCAK,0
2019,DOGIYAI,0.288
2019,INTAN JAYA,0.339
2019,DEIYAI,0.37
2019,JAYAPURA,0.791